<?xml version="1.0" encoding="UTF-8"?>
<feature
      id="org.eclipse.releng.tools"
      label="%featureName"
      version="3.2.100.v20070122-32-7w31181523"
      provider-name="%providerName"
      image="eclipse_update_120.jpg">

   <description>
      %description
   </description>

   <copyright>
      %copyright
   </copyright>
   
   <license url="%licenseURL">
      %license
   </license>

   <url>
      <update label="%updateSiteName" url="http://update.eclipse.org/updates/3.3"/>
      <discovery label="%updateSiteName" url="http://update.eclipse.org/updates/3.3"/>
   </url>

   <plugin
         id="org.eclipse.releng.tools"
         download-size="0"
         install-size="0"
         version="3.3.0.v20070412"/>

</feature>
